{ "people": [{"schema:name": "Bartow, Rick", "@id": "_:E82_Actor_Appellation1_5fb76790c33dfa4354af82f61a25457960d79612_N56", "@type": "http://schema.org/Person"},{"schema:name": "Arroyo Hondo Carver", "@id": "_:E82_Actor_Appellation1_4651cb107dbe830b6b0e064b806fbb3e6e95ca79_N36", "@type": "http://schema.org/Person"},{"schema:name": "John, Alvin", "@id": "_:E82_Actor_Appellation1_2387e6de6d8dcb3a61a210519f880c57447d367b_N406", "@type": "http://schema.org/Person"},{"schema:name": "Gregor, Harold", "@id": "_:E82_Actor_Appellation1_ee737bf6b1ea66109273015f177ca7f1974192da_N326", "@type": "http://schema.org/Person"},{"schema:name": "Bierstadt, Albert", "@id": "_:E82_Actor_Appellation1_5ee1dbd76e4fd37fffed86d5798ad1427c6659fb_N111", "@type": "http://schema.org/Person"},{"schema:name": "Martinez, Maria", "@id": "_:E82_Actor_Appellation1_38aedee6d160712fd85f6226e60918ffc37b63d9_N501", "@type": "http://schema.org/Person"},{"schema:name": "Whittredge, Thomas Worthington", "@id": "_:E82_Actor_Appellation1_21de86098a5459c0c1c223d5b2ee7ff3c8e83bd2_N896", "@type": "http://schema.org/Person"},{"schema:name": "Joullin, Amedee", "@id": "_:E82_Actor_Appellation1_5c515c4c3403d5a93ff73cc5d9653ac0aea64d2c_N421", "@type": "http://schema.org/Person"},{"schema:name": "Scholder, Fritz", "@id": "_:E82_Actor_Appellation1_9abbca678a89ed9fa86ea8bef032803fb7517d09_N761", "@type": "http://schema.org/Person"},{"schema:name": "Mignery, Herb", "@id": "_:E82_Actor_Appellation1_560e6720557ebdb9ff758a187d9cf24665d9d29f_N531", "@type": "http://schema.org/Person"},{"schema:name": "Bodmer, Karl", "@id": "_:E82_Actor_Appellation1_eccafc87179f9ca30e8ce3d083231c88930783d9_N121", "@type": "http://schema.org/Person"},{"schema:name": "Bierstadt, Albert", "@id": "_:E82_Actor_Appellation1_5ee1dbd76e4fd37fffed86d5798ad1427c6659fb_N106", "@type": "http://schema.org/Person"},{"schema:name": "Melrose, Andrew", "@id": "_:E82_Actor_Appellation1_53342a554f56816e50aac27579f495cc856fd96c_N516", "@type": "http://schema.org/Person"},{"schema:name": "Couse, Eanger Irving", "@id": "_:E82_Actor_Appellation1_bc578c206151fb5da13a6639844ace6d5b127efc_N191", "@type": "http://schema.org/Person"},{"schema:name": "Levinthal, David", "@id": "_:E82_Actor_Appellation1_974f7eebfff8e7904a0e626ceb49a5275d8512ef_N491", "@type": "http://schema.org/Person"},{"schema:name": "Tait, Arthur Fitzwilliam", "@id": "_:E82_Actor_Appellation1_387a802fe6bf29237296d2ee16548acf0a884519_N841", "@type": "http://schema.org/Person"},{"schema:name": "Ranney, William Tylee", "@id": "_:E82_Actor_Appellation1_55c0490463abeddd4b60749ea446a1fd8d330048_N631", "@type": "http://schema.org/Person"},{"schema:name": "Foster, Gus", "@id": "_:E82_Actor_Appellation1_78c763969abfb702309c31b23bc4da1732009139_N281", "@type": "http://schema.org/Person"},{"schema:name": "Roman Bronze Works", "@id": "_:E82_Actor_Appellation1_43816260c281e74c560b6bb03e6f233e995a63c4_N691", "@type": "http://schema.org/Person"},{"schema:name": "Stanley, John Mix", "@id": "_:E82_Actor_Appellation1_0a9e8ea929daf2950aa4347b8045595581508e78_N826", "@type": "http://schema.org/Person"},{"schema:name": "Moran, Thomas", "@id": "_:E82_Actor_Appellation1_75c3ba5d66f02016f1b3a50876e4bdd40bd55f7e_N566", "@type": "http://schema.org/Person"},{"schema:name": "Hyde, Doug", "@id": "_:E82_Actor_Appellation1_873b655ec43beb1180910a7639d447b6f7cb0947_N371", "@type": "http://schema.org/Person"},{"schema:name": "Carlson, George", "@id": "_:E82_Actor_Appellation1_91eb20b747cb9b44980dc1f1cdd73ee6998c818f_N151", "@type": "http://schema.org/Person"},{"schema:name": "Berninghaus, Oscar Edmund", "@id": "_:E82_Actor_Appellation1_7a5f140815399e2f55386492d893e503209be53c_N86", "@type": "http://schema.org/Person"},{"schema:name": "Scholder, Fritz", "@id": "_:E82_Actor_Appellation1_9abbca678a89ed9fa86ea8bef032803fb7517d09_N721", "@type": "http://schema.org/Person"},{"schema:name": "Johnson, Frank Tenney", "@id": "_:E82_Actor_Appellation1_4d932efde2e6d8d3cab687321a0d50d63da2caa5_N411", "@type": "http://schema.org/Person"},{"schema:name": "Dixon, Maynard", "@id": "_:E82_Actor_Appellation1_89022d637c90495ad4b40f4f30983124c98ef438_N261", "@type": "http://schema.org/Person"},{"schema:name": "Beeler, Joe", "@id": "_:E82_Actor_Appellation1_310f3aa291c4ce7088522397804b9001d6c72488_N66", "@type": "http://schema.org/Person"},{"schema:name": "Catlin, George", "@id": "_:E82_Actor_Appellation1_9e6ad176f209f106f77d4dc7a5a1c29b4a3af1ba_N156", "@type": "http://schema.org/Person"},{"schema:name": "Remington, Frederic", "@id": "_:E82_Actor_Appellation1_7fc23b1c1a1d4475f34e4dfaee69c2dba4434b92_N646", "@type": "http://schema.org/Person"},{"schema:name": "Mignery, Herb", "@id": "_:E82_Actor_Appellation1_560e6720557ebdb9ff758a187d9cf24665d9d29f_N536", "@type": "http://schema.org/Person"},{"schema:name": "Stanley, John Mix", "@id": "_:E82_Actor_Appellation1_0a9e8ea929daf2950aa4347b8045595581508e78_N821", "@type": "http://schema.org/Person"},{"schema:name": "Wyeth, Newell Convers", "@id": "_:E82_Actor_Appellation1_59ef608b3a716a3d05c368e5b7a0dfbffab38809_N901", "@type": "http://schema.org/Person"},{"schema:name": "Owen, Doug", "@id": "_:E82_Actor_Appellation1_5e3bc52e61810fd3a11020a35083ee68289f9dde_N601", "@type": "http://schema.org/Person"},{"schema:name": "Miller, Alfred Jacob", "@id": "_:E82_Actor_Appellation1_c7842516af7fd631814335d1f841c48833e9e8e0_N551", "@type": "http://schema.org/Person"},{"schema:name": "Jackson, Harry", "@id": "_:E82_Actor_Appellation1_0022c3ac4fec6545600ca457739c986a45374a3a_N386", "@type": "http://schema.org/Person"},{"schema:name": "Scholder, Fritz", "@id": "_:E82_Actor_Appellation1_9abbca678a89ed9fa86ea8bef032803fb7517d09_N746", "@type": "http://schema.org/Person"},{"schema:name": "Dixon, Maynard", "@id": "_:E82_Actor_Appellation1_89022d637c90495ad4b40f4f30983124c98ef438_N251", "@type": "http://schema.org/Person"},{"schema:name": "Situ, Mian", "@id": "_:E82_Actor_Appellation1_552ae94252eb65d79b46cf309e128481eb84d054_N806", "@type": "http://schema.org/Person"},{"schema:name": "Harmer, Alexander Francis", "@id": "_:E82_Actor_Appellation1_90c790e5d9fe6791b14bc85186430ba05229f370_N341", "@type": "http://schema.org/Person"},{"schema:name": "Stanley, John Mix", "@id": "_:E82_Actor_Appellation1_0a9e8ea929daf2950aa4347b8045595581508e78_N831", "@type": "http://schema.org/Person"},{"schema:name": "Remington, Frederic", "@id": "_:E82_Actor_Appellation1_7fc23b1c1a1d4475f34e4dfaee69c2dba4434b92_N666", "@type": "http://schema.org/Person"},{"schema:name": "Nahl, Charles Christian", "@id": "_:E82_Actor_Appellation1_ee8323e13f5430c2e11111aaaac26cc10e5ff3c9_N576", "@type": "http://schema.org/Person"},{"schema:name": "Hyde, Doug", "@id": "_:E82_Actor_Appellation1_873b655ec43beb1180910a7639d447b6f7cb0947_N366", "@type": "http://schema.org/Person"},{"schema:name": "Remington, Frederic", "@id": "_:E82_Actor_Appellation1_7fc23b1c1a1d4475f34e4dfaee69c2dba4434b92_N661", "@type": "http://schema.org/Person"},{"schema:name": "Partridge, Rondal", "@id": "_:E82_Actor_Appellation1_bf42ee40ee5f2071ff71587493153b2bf0d7a9be_N606", "@type": "http://schema.org/Person"},{"schema:name": "Dixon, Maynard", "@id": "_:E82_Actor_Appellation1_89022d637c90495ad4b40f4f30983124c98ef438_N256", "@type": "http://schema.org/Person"},{"schema:name": "Cano, Alonso", "@id": "_:E82_Actor_Appellation1_2692d45152aa8e0982ec5e435de4b3763c61557d_N141", "@type": "http://schema.org/Person"},{"schema:name": "Aguilar, Linda", "@id": "_:E82_Actor_Appellation1_c2351d051193c7441b0bfc46d19980f6b2e8f523_N16", "@type": "http://schema.org/Person"},{"schema:name": "Scholder, Fritz", "@id": "_:E82_Actor_Appellation1_9abbca678a89ed9fa86ea8bef032803fb7517d09_N756", "@type": "http://schema.org/Person"},{"schema:name": "Leigh, William Robinson", "@id": "_:E82_Actor_Appellation1_ea7f4d701b34f8ac8df5e7aea32acdc9d31f1f78_N461", "@type": "http://schema.org/Person"},{"schema:name": "Divola, John", "@id": "_:E82_Actor_Appellation1_b4e41bcd51987bb627e31eb468db03c1c82d6557_N231", "@type": "http://schema.org/Person"},{"schema:name": "Murdock, John", "@id": "_:E82_Actor_Appellation1_a222d72f73e69cf845c7ee3c6fa8a551f3318b7d_N571", "@type": "http://schema.org/Person"},{"schema:name": "Lopez, Jos\ufffd Benjam\ufffdn", "@id": "_:E82_Actor_Appellation1_844600e888403e1a063049a4b43e0af5ac865abc_N496", "@type": "http://schema.org/Person"},{"schema:name": "Foster, Gus", "@id": "_:E82_Actor_Appellation1_78c763969abfb702309c31b23bc4da1732009139_N286", "@type": "http://schema.org/Person"},{"schema:name": "Schenck, Billy", "@id": "_:E82_Actor_Appellation1_48e480b106c58f4012764b05a668185e4fef9b88_N711", "@type": "http://schema.org/Person"},{"schema:name": "Berninghaus, Oscar Edmund", "@id": "_:E82_Actor_Appellation1_7a5f140815399e2f55386492d893e503209be53c_N91", "@type": "http://schema.org/Person"},{"schema:name": "Houser, Allan C.", "@id": "_:E82_Actor_Appellation1_15f12cefe11c97c053799f335a9a77fb91cf1b1c_N356", "@type": "http://schema.org/Person"},{"schema:name": "Brown, Bob", "@id": "_:E82_Actor_Appellation1_e8c3d06d351f704e2a9f9748c36678abd2bfd1f3_N131", "@type": "http://schema.org/Person"},{"schema:name": "Sharp, Joseph Henry", "@id": "_:E82_Actor_Appellation1_7b74d179ab8204a034de85e67e379a885438879b_N781", "@type": "http://schema.org/Person"},{"schema:name": "Divola, John", "@id": "_:E82_Actor_Appellation1_b4e41bcd51987bb627e31eb468db03c1c82d6557_N226", "@type": "http://schema.org/Person"},{"schema:name": "Couse, Eanger Irving", "@id": "_:E82_Actor_Appellation1_bc578c206151fb5da13a6639844ace6d5b127efc_N196", "@type": "http://schema.org/Person"},{"schema:name": "Divola, John", "@id": "_:E82_Actor_Appellation1_b4e41bcd51987bb627e31eb468db03c1c82d6557_N241", "@type": "http://schema.org/Person"},{"schema:name": "Tiffany and Company", "@id": "_:E82_Actor_Appellation1_ebc46caecf943c00b998e6c8ff409d9a19a54bba_N871", "@type": "http://schema.org/Person"},{"schema:name": "Divola, John", "@id": "_:E82_Actor_Appellation1_b4e41bcd51987bb627e31eb468db03c1c82d6557_N236", "@type": "http://schema.org/Person"},{"schema:name": "Scholder, Fritz", "@id": "_:E82_Actor_Appellation1_9abbca678a89ed9fa86ea8bef032803fb7517d09_N766", "@type": "http://schema.org/Person"},{"schema:name": "Indian Motorcycle Company", "@id": "_:E82_Actor_Appellation1_e6e567dae598d32cabaf4fb2dac87f599409da32_N381", "@type": "http://schema.org/Person"},{"schema:name": "Christensen, Carl Christian Anton", "@id": "_:E82_Actor_Appellation1_3dcaec8f8b5973caef2075d58eb14e9b26accae2_N181", "@type": "http://schema.org/Person"},{"schema:name": "Levinthal, David", "@id": "_:E82_Actor_Appellation1_974f7eebfff8e7904a0e626ceb49a5275d8512ef_N481", "@type": "http://schema.org/Person"},{"schema:name": "Romero, Mateo", "@id": "_:E82_Actor_Appellation1_0013a4f5c6611209bb483b40239314c4f9b83332_N696", "@type": "http://schema.org/Person"},{"schema:name": "Sully, Alfred", "@id": "_:E82_Actor_Appellation1_184f043496c992dd3c2613f3ae0e507b4f394712_N836", "@type": "http://schema.org/Person"},{"schema:name": "Abeyta, Tony", "@id": "_:E82_Actor_Appellation1_09c54e47273e5039a369b4e1e3811c3698cfa227_N11", "@type": "http://schema.org/Person"},{"schema:name": "Johnson, Frank Tenney", "@id": "_:E82_Actor_Appellation1_4d932efde2e6d8d3cab687321a0d50d63da2caa5_N416", "@type": "http://schema.org/Person"},{"schema:name": "Terpning, Howard", "@id": "_:E82_Actor_Appellation1_b626c1d314da7dac27223bf016816216416f5e45_N866", "@type": "http://schema.org/Person"},{"schema:name": "Wyeth, Newell Convers", "@id": "_:E82_Actor_Appellation1_59ef608b3a716a3d05c368e5b7a0dfbffab38809_N906", "@type": "http://schema.org/Person"},{"schema:name": "Davidson, Bruce", "@id": "_:E82_Actor_Appellation1_4f54cce59316ab84219d1d4f56d4d2c41c99eb5a_N216", "@type": "http://schema.org/Person"},{"schema:name": "Misrach, Richard", "@id": "_:E82_Actor_Appellation1_0333952e0359feaa4e0885111bf869598ed12624_N556", "@type": "http://schema.org/Person"},{"schema:name": "McKenney and Hall", "@id": "_:E82_Actor_Appellation1_42df592b3de052b5774b8dfa447e05fa7a537674_N506", "@type": "http://schema.org/Person"},{"schema:name": "Narjot, Ernest E.", "@id": "_:E82_Actor_Appellation1_66bf2d21aa5547a9dd664b2f4ce2258c282e6c14_N586", "@type": "http://schema.org/Person"},{"schema:name": "Baker, George H.", "@id": "_:E82_Actor_Appellation1_b3e5ea4689fcc3f01ee7d9b6b9ba98773b326e09_N41", "@type": "http://schema.org/Person"},{"schema:name": "Scholder, Fritz", "@id": "_:E82_Actor_Appellation1_9abbca678a89ed9fa86ea8bef032803fb7517d09_N736", "@type": "http://schema.org/Person"},{"schema:name": "Levinthal, David", "@id": "_:E82_Actor_Appellation1_974f7eebfff8e7904a0e626ceb49a5275d8512ef_N486", "@type": "http://schema.org/Person"},{"schema:name": "Robertson, Stewart", "@id": "_:E82_Actor_Appellation1_c5e66994fbbdabfd751c4ff6cfdc394801f5d89d_N681", "@type": "http://schema.org/Person"},{"schema:name": "Andersen, Roy", "@id": "_:E82_Actor_Appellation1_45220aa980c57f486f545ac38712dee719df9ce4_N26", "@type": "http://schema.org/Person"},{"schema:name": "Levinthal, David", "@id": "_:E82_Actor_Appellation1_974f7eebfff8e7904a0e626ceb49a5275d8512ef_N471", "@type": "http://schema.org/Person"},{"schema:name": "Beechey, Richard Brydges", "@id": "_:E82_Actor_Appellation1_0a6f9f208438f42caf93e5c50b8a7f50bc8ff0e3_N61", "@type": "http://schema.org/Person"},{"schema:name": "Houser, Allan C.", "@id": "_:E82_Actor_Appellation1_15f12cefe11c97c053799f335a9a77fb91cf1b1c_N361", "@type": "http://schema.org/Person"},{"schema:name": "Silverhorn", "@id": "_:E82_Actor_Appellation1_760cc303d11c2e81323fcee91ccd33600af17d23_N786", "@type": "http://schema.org/Person"},{"schema:name": "Butterfield, Deborah", "@id": "_:E82_Actor_Appellation1_533e3185a06cb12f6f31fece28f949101063478e_N136", "@type": "http://schema.org/Person"},{"schema:name": "Anton, Bill", "@id": "_:E82_Actor_Appellation1_d84e0eda51c4f22ef13cda692619e39eb64b13e8_N31", "@type": "http://schema.org/Person"},{"schema:name": "Trujillo, Jimmy E.", "@id": "_:E82_Actor_Appellation1_cad5191d935271968e58a95b335ec4a25b974553_N876", "@type": "http://schema.org/Person"},{"schema:name": "Tapia, Luis Eligio", "@id": "_:E82_Actor_Appellation1_aa00b2df08f68758f91784330dad23ade0ab2330_N861", "@type": "http://schema.org/Person"},{"schema:name": "Scholder, Fritz", "@id": "_:E82_Actor_Appellation1_9abbca678a89ed9fa86ea8bef032803fb7517d09_N741", "@type": "http://schema.org/Person"},{"schema:name": "Mignery, Herb", "@id": "_:E82_Actor_Appellation1_560e6720557ebdb9ff758a187d9cf24665d9d29f_N541", "@type": "http://schema.org/Person"},{"schema:name": "Miller, Alfred Jacob", "@id": "_:E82_Actor_Appellation1_c7842516af7fd631814335d1f841c48833e9e8e0_N546", "@type": "http://schema.org/Person"},{"schema:name": "Catlin, George", "@id": "_:E82_Actor_Appellation1_9e6ad176f209f106f77d4dc7a5a1c29b4a3af1ba_N161", "@type": "http://schema.org/Person"},{"schema:name": "Catlin, George", "@id": "_:E82_Actor_Appellation1_9e6ad176f209f106f77d4dc7a5a1c29b4a3af1ba_N171", "@type": "http://schema.org/Person"},{"schema:name": "King, Charles Bird", "@id": "_:E82_Actor_Appellation1_8abfa786e78bc36138fd7770d1082afd70bf3943_N426", "@type": "http://schema.org/Person"},{"schema:name": "King, Charles Bird", "@id": "_:E82_Actor_Appellation1_8abfa786e78bc36138fd7770d1082afd70bf3943_N431", "@type": "http://schema.org/Person"},{"schema:name": "Foster, Tony", "@id": "_:E82_Actor_Appellation1_8158213e676587b1c9a2ecf211c87849df8e5b60_N291", "@type": "http://schema.org/Person"},{"schema:name": "Moran, Thomas", "@id": "_:E82_Actor_Appellation1_75c3ba5d66f02016f1b3a50876e4bdd40bd55f7e_N561", "@type": "http://schema.org/Person"},{"schema:name": "McKenney and Hall", "@id": "_:E82_Actor_Appellation1_42df592b3de052b5774b8dfa447e05fa7a537674_N511", "@type": "http://schema.org/Person"},{"schema:name": "Deas, Charles", "@id": "_:E82_Actor_Appellation1_67cf70fa3e879a158f58b9aa92fa799d11b7159c_N221", "@type": "http://schema.org/Person"},{"schema:name": "Schenck, Bill", "@id": "_:E82_Actor_Appellation1_5b3593ce8d7bc300c3c9fae304213ca139f15252_N706", "@type": "http://schema.org/Person"},{"schema:name": "Schoefft, August", "@id": "_:E82_Actor_Appellation1_d188bc6ef065165f65c1e20223c894e2c2d5b4bd_N716", "@type": "http://schema.org/Person"},{"schema:name": "Pratt, William Henry", "@id": "_:E82_Actor_Appellation1_d414b7bfd8130501426bfcef0f8d16d5b0d36d37_N621", "@type": "http://schema.org/Person"},{"schema:name": "Michael Light", "@id": "_:E82_Actor_Appellation1_93ab089bea5b3e682adc6230e20e1d73846fa50e_N521", "@type": "http://schema.org/Person"},{"schema:name": "Chavez, Roberto", "@id": "_:E82_Actor_Appellation1_f0162cbd2019cdb4f7927f37fadf096aa46d607c_N176", "@type": "http://schema.org/Person"},{"schema:name": "Scholder, Fritz", "@id": "_:E82_Actor_Appellation1_9abbca678a89ed9fa86ea8bef032803fb7517d09_N731", "@type": "http://schema.org/Person"},{"schema:name": "Amerman, Marcus", "@id": "_:E82_Actor_Appellation1_2ffdd97d5e81b9858267c18c2bac8ca1cf635521_N21", "@type": "http://schema.org/Person"},{"schema:name": "Smoke, Susie", "@id": "_:E82_Actor_Appellation1_d8a4a5cb682e453af2801f1d703a9009a248de75_N816", "@type": "http://schema.org/Person"},{"schema:name": "Hageboeck, August", "@id": "_:E82_Actor_Appellation1_0b8fe034c2885bcbd72458c66f9861acdebc1c14_N331", "@type": "http://schema.org/Person"},{"schema:name": "Cronau, Rudolf", "@id": "_:E82_Actor_Appellation1_7e2d87796350c620b4fed0a0008050bd71a5cde1_N201", "@type": "http://schema.org/Person"},{"schema:name": "Biddle, Edward C.", "@id": "_:E82_Actor_Appellation1_44770913d719f2fd8d4b233c5101327c01e618fb_N96", "@type": "http://schema.org/Person"},{"schema:name": "Roman Bronze Works", "@id": "_:E82_Actor_Appellation1_43816260c281e74c560b6bb03e6f233e995a63c4_N686", "@type": "http://schema.org/Person"},{"schema:name": "Jacobshagen, Keith", "@id": "_:E82_Actor_Appellation1_db68ac8d2d6c8f34ea5b6b529b3ac74227c2c5a3_N401", "@type": "http://schema.org/Person"},{"schema:name": "Begay, D.Y.", "@id": "_:E82_Actor_Appellation1_3374531de6dd4e087b54e05ec5aa7124c43fc17a_N71", "@type": "http://schema.org/Person"},{"schema:name": "Wyeth, Newell Convers", "@id": "_:E82_Actor_Appellation1_59ef608b3a716a3d05c368e5b7a0dfbffab38809_N911", "@type": "http://schema.org/Person"},{"schema:name": "Whitehorse, Emmi", "@id": "_:E82_Actor_Appellation1_2f84aed4f72e90fce711e1d4526f55bcd5634a18_N891", "@type": "http://schema.org/Person"},{"schema:name": "Colyer, Vincent", "@id": "_:E82_Actor_Appellation1_2d12cef91e524132e52c46c9398875adbe792454_N186", "@type": "http://schema.org/Person"},{"schema:name": "Eastman, Seth", "@id": "_:E82_Actor_Appellation1_12c76a6a9e74c394f2d41a2ea92a7c68bc14c13d_N266", "@type": "http://schema.org/Person"},{"schema:name": "Pletka, Paul", "@id": "_:E82_Actor_Appellation1_165bef57fa6efc778f795960e28925b0c4f82468_N611", "@type": "http://schema.org/Person"},{"schema:name": "Singletary, Preston", "@id": "_:E82_Actor_Appellation1_7957d383e9937304535b71259f51d78a6074557f_N796", "@type": "http://schema.org/Person"},{"schema:name": "Jackson, Harry", "@id": "_:E82_Actor_Appellation1_0022c3ac4fec6545600ca457739c986a45374a3a_N396", "@type": "http://schema.org/Person"},{"schema:name": "Leigh, William Robinson", "@id": "_:E82_Actor_Appellation1_ea7f4d701b34f8ac8df5e7aea32acdc9d31f1f78_N456", "@type": "http://schema.org/Person"},{"schema:name": "Levinthal, David", "@id": "_:E82_Actor_Appellation1_974f7eebfff8e7904a0e626ceb49a5275d8512ef_N476", "@type": "http://schema.org/Person"},{"schema:name": "Bartow, Rick", "@id": "_:E82_Actor_Appellation1_5fb76790c33dfa4354af82f61a25457960d79612_N51", "@type": "http://schema.org/Person"},{"schema:name": "Kuhn, Bob", "@id": "_:E82_Actor_Appellation1_db4125af3c45be11f31a605b082b6fb098a1e794_N441", "@type": "http://schema.org/Person"},{"schema:name": "Currier and Ives", "@id": "_:E82_Actor_Appellation1_3dac8d66ae0ca447a9cb0e2868a2df6cbfb44d6c_N211", "@type": "http://schema.org/Person"},{"schema:name": "Koerner, William Henry Dethlef", "@id": "_:E82_Actor_Appellation1_6f792c3f02a6c8fc377de2ab5d9805bd6ccca84e_N436", "@type": "http://schema.org/Person"},{"schema:name": "Mignery, Herb", "@id": "_:E82_Actor_Appellation1_560e6720557ebdb9ff758a187d9cf24665d9d29f_N526", "@type": "http://schema.org/Person"},{"schema:name": "Ortega, Jos\ufffd Benito", "@id": "_:E82_Actor_Appellation1_e378ea721f33ee5b93854b643d1ad4411f6a52fa_N591", "@type": "http://schema.org/Person"},{"schema:name": "Gast, John", "@id": "_:E82_Actor_Appellation1_fb36190537848edc6ba9597adf6fb80eea4751e9_N316", "@type": "http://schema.org/Person"},{"schema:name": "White Swan", "@id": "_:E82_Actor_Appellation1_dca5dd8b4a1dbc23948df3cf06a7ab45745b7186_N886", "@type": "http://schema.org/Person"},{"schema:name": "Bowen, John T.", "@id": "_:E82_Actor_Appellation1_9de847c30076d879dc90cd4f0cf52cd77240b5e8_N126", "@type": "http://schema.org/Person"},{"schema:name": "Bischoff, Franz", "@id": "_:E82_Actor_Appellation1_ea7d6e74a0e87c228b12a4cc7053d0b2fb407b26_N116", "@type": "http://schema.org/Person"},{"schema:name": "Namingha, Arlo", "@id": "_:E82_Actor_Appellation1_162cce328ff5eec9e9ab3b28b3a0f6e3ef4c01e7_N581", "@type": "http://schema.org/Person"},{"schema:name": "Bartow, Rick", "@id": "_:E82_Actor_Appellation1_5fb76790c33dfa4354af82f61a25457960d79612_N46", "@type": "http://schema.org/Person"},{"schema:name": "Farny, Henry", "@id": "_:E82_Actor_Appellation1_bc373461c75fd2a3414e1897193b356e930c0bf0_N276", "@type": "http://schema.org/Person"},{"schema:name": "Bierstadt, Albert", "@id": "_:E82_Actor_Appellation1_5ee1dbd76e4fd37fffed86d5798ad1427c6659fb_N101", "@type": "http://schema.org/Person"},{"schema:name": "Point, Susan", "@id": "_:E82_Actor_Appellation1_c6f809eb023d3a6346c231d429ccfba0bcb66463_N616", "@type": "http://schema.org/Person"},{"schema:name": "Fraser, James Earle", "@id": "_:E82_Actor_Appellation1_99adf2d6335c13ec5a0071b03b740e53e6c9f44f_N296", "@type": "http://schema.org/Person"},{"schema:name": "Valdez, Horacio", "@id": "_:E82_Actor_Appellation1_060d188dad4fc925a24c4f02d867e0f5b8056591_N881", "@type": "http://schema.org/Person"},{"schema:name": "Seltzer, Olaf C.", "@id": "_:E82_Actor_Appellation1_fd30c1b0111c3ace6270704447d2a2046c23611b_N771", "@type": "http://schema.org/Person"},{"schema:name": "Levinthal, David", "@id": "_:E82_Actor_Appellation1_974f7eebfff8e7904a0e626ceb49a5275d8512ef_N466", "@type": "http://schema.org/Person"},{"schema:name": "Saar, Alison", "@id": "_:E82_Actor_Appellation1_b335b45a970a013928bd146cae4dc0ac01a73a2b_N701", "@type": "http://schema.org/Person"},{"schema:name": "Scholder, Fritz", "@id": "_:E82_Actor_Appellation1_9abbca678a89ed9fa86ea8bef032803fb7517d09_N726", "@type": "http://schema.org/Person"},{"schema:name": "Singletary, Preston", "@id": "_:E82_Actor_Appellation1_7957d383e9937304535b71259f51d78a6074557f_N791", "@type": "http://schema.org/Person"},{"schema:name": "Carlson, George", "@id": "_:E82_Actor_Appellation1_91eb20b747cb9b44980dc1f1cdd73ee6998c818f_N146", "@type": "http://schema.org/Person"},{"schema:name": "Frey, Jeremy", "@id": "_:E82_Actor_Appellation1_4f8baf637a4082f041496d37c8f3abb07741951e_N301", "@type": "http://schema.org/Person"},{"schema:name": "Scholder, Fritz", "@id": "_:E82_Actor_Appellation1_9abbca678a89ed9fa86ea8bef032803fb7517d09_N751", "@type": "http://schema.org/Person"},{"schema:name": "Berninghaus, Oscar Edmund", "@id": "_:E82_Actor_Appellation1_7a5f140815399e2f55386492d893e503209be53c_N81", "@type": "http://schema.org/Person"},{"schema:name": "Ranney, William Tylee", "@id": "_:E82_Actor_Appellation1_55c0490463abeddd4b60749ea446a1fd8d330048_N626", "@type": "http://schema.org/Person"},{"schema:name": "Smith, Jaune Quick-To-See", "@id": "_:E82_Actor_Appellation1_a7f6fffddda80cbad204b92128da04af24860b1d_N811", "@type": "http://schema.org/Person"},{"schema:name": "Sharp, Joseph Henry", "@id": "_:E82_Actor_Appellation1_7b74d179ab8204a034de85e67e379a885438879b_N776", "@type": "http://schema.org/Person"},{"schema:name": "Tapia, Luis Eligio", "@id": "_:E82_Actor_Appellation1_aa00b2df08f68758f91784330dad23ade0ab2330_N856", "@type": "http://schema.org/Person"},{"schema:name": "Hennings, Ernest Martin", "@id": "_:E82_Actor_Appellation1_f3370a4fe4facc59a27482b1c5229d77ece62cdf_N346", "@type": "http://schema.org/Person"},{"schema:name": "Remington, Frederic", "@id": "_:E82_Actor_Appellation1_7fc23b1c1a1d4475f34e4dfaee69c2dba4434b92_N671", "@type": "http://schema.org/Person"},{"schema:name": "Berninghaus, Oscar Edmund", "@id": "_:E82_Actor_Appellation1_7a5f140815399e2f55386492d893e503209be53c_N76", "@type": "http://schema.org/Person"},{"schema:name": "Riley, Kenneth", "@id": "_:E82_Actor_Appellation1_50b2f435ca4ebd0c5811bd7da50454bfe7e1c46c_N676", "@type": "http://schema.org/Person"},{"schema:name": "Currier and Ives", "@id": "_:E82_Actor_Appellation1_3dac8d66ae0ca447a9cb0e2868a2df6cbfb44d6c_N206", "@type": "http://schema.org/Person"},{"schema:name": "Divola, John", "@id": "_:E82_Actor_Appellation1_b4e41bcd51987bb627e31eb468db03c1c82d6557_N246", "@type": "http://schema.org/Person"},{"schema:name": "Lawson, Mehl", "@id": "_:E82_Actor_Appellation1_46aa48336814d6e1739959417f8d2ea7e52495c0_N446", "@type": "http://schema.org/Person"},{"schema:name": "Singletary, Preston", "@id": "_:E82_Actor_Appellation1_7957d383e9937304535b71259f51d78a6074557f_N801", "@type": "http://schema.org/Person"},{"schema:name": "Remington, Frederic", "@id": "_:E82_Actor_Appellation1_7fc23b1c1a1d4475f34e4dfaee69c2dba4434b92_N656", "@type": "http://schema.org/Person"},{"schema:name": "Read, Thomas Buchanan", "@id": "_:E82_Actor_Appellation1_a5210048e729adf4da2bc20ef41e7ee474a11e64_N636", "@type": "http://schema.org/Person"},{"schema:name": "Redwood, Allen Christian", "@id": "_:E82_Actor_Appellation1_0374fb1c5b67179fbdcc70c4f7b1c23d89007122_N641", "@type": "http://schema.org/Person"},{"schema:name": "Faragher, Kristina", "@id": "_:E82_Actor_Appellation1_c76200d5e84f3fb1b6a271cc738ad0f8b66d8f4b_N271", "@type": "http://schema.org/Person"},{"schema:name": "Garcia, Tammy", "@id": "_:E82_Actor_Appellation1_172e272a954aeae0c49447aab7f8a8882714013f_N306", "@type": "http://schema.org/Person"},{"schema:name": "Remington, Frederic", "@id": "_:E82_Actor_Appellation1_7fc23b1c1a1d4475f34e4dfaee69c2dba4434b92_N651", "@type": "http://schema.org/Person"},{"schema:name": "Tapia, Luis Eligio", "@id": "_:E82_Actor_Appellation1_aa00b2df08f68758f91784330dad23ade0ab2330_N846", "@type": "http://schema.org/Person"},{"schema:name": "Hyde, Doug", "@id": "_:E82_Actor_Appellation1_873b655ec43beb1180910a7639d447b6f7cb0947_N376", "@type": "http://schema.org/Person"},{"schema:name": "Lee, See", "@id": "_:E82_Actor_Appellation1_ebea869d04def264100851bd81f300503448059e_N451", "@type": "http://schema.org/Person"},{"schema:name": "Owen, Bill", "@id": "_:E82_Actor_Appellation1_8c87ec00c5eebb660b03d110e4cab9ff9e2facbc_N596", "@type": "http://schema.org/Person"},{"schema:name": "Jackson, Harry", "@id": "_:E82_Actor_Appellation1_0022c3ac4fec6545600ca457739c986a45374a3a_N391", "@type": "http://schema.org/Person"},{"schema:name": "Garcia, Tammy", "@id": "_:E82_Actor_Appellation1_172e272a954aeae0c49447aab7f8a8882714013f_N311", "@type": "http://schema.org/Person"},{"schema:name": "Catlin, George", "@id": "_:E82_Actor_Appellation1_9e6ad176f209f106f77d4dc7a5a1c29b4a3af1ba_N166", "@type": "http://schema.org/Person"},{"schema:name": "Houser, Allan C.", "@id": "_:E82_Actor_Appellation1_15f12cefe11c97c053799f335a9a77fb91cf1b1c_N351", "@type": "http://schema.org/Person"},{"schema:name": "Tapia, Luis Eligio", "@id": "_:E82_Actor_Appellation1_aa00b2df08f68758f91784330dad23ade0ab2330_N851", "@type": "http://schema.org/Person"},{"schema:name": "Hagege, Logan Maxwell", "@id": "_:E82_Actor_Appellation1_5304ccd7dc0b055879f929dbe26ba2faf32fac2c_N336", "@type": "http://schema.org/Person"},{"schema:name": "Greeves, Richard Vernon", "@id": "_:E82_Actor_Appellation1_451ed22377bc6b44ac2d049168bf176986569306_N321", "@type": "http://schema.org/Person"}]}